Section,Content,Student Learning Objective
Introduction,"Introduce the technology and its importance in the current IT landscape.",Understand the fundamental concept and its importance.
Prerequisites,"List the necessary background knowledge and skills.",Identify the knowledge necessary to understand the topic in depth.
Main Concept,"Provide a detailed explanation, including how it operates and its components.",Comprehend and describe the core technology or concept.
Use Cases,"Showcase real-world applications and scenarios where the technology is beneficial.",Analyze and relate the concept to real-world scenarios.
Configuration Steps,"Present a detailed guide for setting up or configuring the technology.",Demonstrate the ability to configure the technology or concept accurately.
Troubleshooting Guide,"Discuss common issues and their solutions.",Develop problem-solving skills by troubleshooting typical issues.
Best Practices,"Suggest guidelines and strategies for optimal use.",Apply best practices in real-world applications for better outcomes.
Interactive Assessment,"Include quizzes or exercises for self-assessment.",Self-assess understanding and retention of the article's content.
Conclusion,"Summarize the key takeaways and their significance.",Recapitulate and consolidate the essential information learned.
Further Exploration,"Provide additional resources for extended learning.",Motivate continuous learning and exploration of related topics.
