weight,word,color,url
17,Intelligent Automation,,
16,AI,,
13,low-level tasks,,
13,cognitive automation,,
13,business process management,,
12,BPM,,
11,robotic process automation,,
11,RPA,,
10,operational efficiency,,
10,reduce human error,,
10,reduce costs,,
9,repetitive processes,,
8,compliance,,
8,machine learning,,
8,structured data,,
8,unstructured data,,
8,business process management,,
7,BPM,,
7,business workflow automation,,
7,agility,,
7,consistency,,
7,robots,,
7,bots,,
7,back-office tasks,,
7,Reduce costs,,
